{"cameraMode":{"drawMode":0,"name":"Shaded","section":"Shading Mode"},"sceneLighting":true,"audioPlay":false,"sceneViewState":{"showFog":true,"showMaterialUpdate":false,"showSkybox":true,"showFlares":true,"showImageEffects":true,"showParticleSystems":true,"showVisualEffectGraphs":true,"m_FxEnabled":true},"in2DMode":false,"pivot":{"x":-20.29693603515625,"y":23.670448303222658,"z":338.40789794921877},"rotation":{"x":0.041065141558647159,"y":0.9430529475212097,"z":-0.12693899869918824,"w":0.3048046827316284},"size":20.803068161010743,"orthographic":false}